回答者ID,INPUT_TEXT,年齢,性別
1,"パフォーマンスは素晴らしいです。アプリの起動もスムーズで、マルチタスクを行っても遅延がありません。","30代","女性"
2,"ストレージ容量が少ないため、大量のデータを保存する場合には注意が必要です。常に容量不足の警告が表示されます。","20代","女性"
3,"セキュリティ機能は優れています。指紋認証や顔認証など、侵入防止のためのオプションが豊富で、プライバシーを守るのに役立ちます。","30代","女性"
4,"指紋認証の精度がまだ改善の余地があります。指が湿っていると認識しづらいことがあります。","40代","女性"
5,"音質は素晴らしいです。スピーカーからの音楽や通話音はクリアで、外部の騒音にも負けません。","40代","男性"
6,"イヤホンジャックが不安定で、接触が悪くなることがあります。音楽を聴いている最中に音が途切れることがあります。","20代","女性"
7,"価格は手頃でありながら、性能が高いです。高価な競合製品と比べても、十分な機能を提供しています。","40代","男性"
8,"カメラの性能が他の機種に比べると劣っています。特に暗所での撮影時には、ノイズが目立ちます。","20代","女性"
9,"バッテリー寿命は驚くほど長く、一日中使用しても安心です。急速充電機能も備えており、急な外出でも大丈夫です。","30代","女性"
10,"充電器の耐久性が低いです。コネクタがすぐに緩んでしまい、充電が不安定になることがあります。","20代","女性"
11,"ディスプレイは鮮明で美しいです。色彩が豊かで、動画や写真を楽しむのに最適です。","50代以上","男性"
12,"画面の耐久性がやや心配です。落下や衝撃に弱く、すぐにキズがついてしまいます。","20代","女性"
13,"カメラ機能は優れており、高品質な写真や動画を撮影できます。さまざまな撮影モードやエフェクトも豊富です。","40代","女性"
14,"暗所での撮影時にはノイズが目立ちます。暗いシーンでは性能が落ちるため、夜景写真などには向いていません。","20代","女性"
15,"操作性は高く、使いやすいです。インターフェースが直感的であり、新しい機能を素早くマスターできます。","30代","男性"
16,"ソフトウェアの更新が頻繁すぎて、それが時々不安定な動作を引き起こします。","20代","女性"
17,"バッテリー寿命は短く、一日中使用するには物足りないです。急速充電機能があるとはいえ、充電が頻繁に必要です。","20代","女性"
18,"ディスプレイの色彩は鮮やかで、動画やゲームを楽しむのに最適です。","30代","女性"
19,"デザインは斬新で、他の機種とは一線を画しています。手になじむ感覚はまさに最高です。","10代","女性"
20,"指紋がつきやすく、定期的に拭かないと清潔さを保つのが難しいです。","50代以上","女性"
21,"カメラは解像度が低く、細部がぼやけてしまいます。特に暗い場所での撮影は難しいです。","20代","女性"
22,"スピーカーの音質は素晴らしく、臨場感あふれる音楽体験を提供してくれます。","50代以上","男性"
23,"価格は手頃でありながら、高性能を備えています。コストパフォーマンスに優れています。","30代","女性"
24,"熱を持ちやすく、長時間使用すると機器が熱くなり、不快な感覚を覚えることがあります。","20代","女性"
25,"ソフトウェアは安定しており、クラッシュやフリーズがほとんどありません。","20代","女性"
26,"カメラ性能が低く、暗所での撮影が難しいです。","20代","女性"
27,"ディスプレイは反射しやすく、屋外で使用する際には見づらいことがあります。","20代","女性"
28,"防水性能が高く、雨の日やプールサイドでも安心して使用できます。","20代","男性"
29,"メモリ容量は大きく、大量の写真やアプリを保存してもストレスを感じません。","30代","男性"
30,"スピーカーの音量がやや小さく、騒々しい環境では聞き取りにくいことがあります。","20代","女性"
