id,Comments,Gender,Reason
1,"部屋は清潔でした。","女性","レジャー"
2,"何もない","女性","ビジネス"
3,"コストパフォーマンスに優れている","男性","レジャー"
4,"駐車場が小さすぎます。 客室内に無料Wi-Fiはありません。 子供用のベビーベッドがありません。","女性","レジャー"
5,"快適な客室, 素晴らしい朝食, 素晴らしいサービス","男性","ビジネス"
6,"ビーチ沿いの静かなロケーション。","女性","ビジネス"
7,"快適なサービス","女性","レジャー"
8,"美しい田園地帯と海の景色。","男性","レジャー"
9,"美しい場所","女性","ビジネス"
10,"サービス, 部屋とバスルームの清潔さと整頓性。 豊富で想像力豊かな朝食ビュッフェ","女性","ビジネス"
11,"優れたサービス","男性","ビジネス"
12,"ビーチ沿いの素晴らしいロケーション, 多様な遠足の提供, 種類豊富なビュッフェ, フレンドリーなサービススタッフ","男性","ビジネス"
13,"フレンドリーなルームサービス, 親切なスタッフ","女性","レジャー"
14,"ホテルのスタッフはいつもとても丁寧でした。 朝食ビュッフェは非常に単調でした,  毎朝同じものが提供され、新鮮な果物はありませんでした","女性","レジャー"
15,"清潔なホテル, しかし部屋は小さいです。","男性","ビジネス"
16,"サンテラスは素晴らしかった, スパもとても良かったです。","女性","ビジネス"
17,"とても静か, しかし非常に高価","男性","レジャー"
18,"朝食ビュッフェ, 豪華なバスルーム。 スタッフの親切さ, ツアーガイド","女性","ビジネス"
19,"優れた価格/品質比, 部屋の素晴らしい技術設備, 夜はうるさい","男性","レジャー"
20,"フレンドリーなサービス,  ホテル全体が静かで清潔でした。 ベッドは少し小さすぎました, 伸びることができませんでした。","男性","レジャー"
21,"サービス, 静かな場所, 客室設備, 駐車場はありません","男性","レジャー"
22,"朝食ビュッフェのセレクション, 部屋の大きさが良かった, 親切なスタッフ","女性","レジャー"
23,"素敵な雰囲気, 素晴らしい装飾, 素晴らしいサービスですが、朝食の時間が限られています。","女性","ビジネス"
24,"朝食ビュッフェ, ラウンジ, 良いサービス","女性","レジャー"
25,"おいしい料理を楽しみました, フレンドリーなスタッフ, 部屋, 清潔さ, 景色, 市内中心部への近さ,  ビーチ, 海, 輸送, アクセシビリティ","男性","ビジネス"
26,"妻と私は部屋の広さに満足しました, ラウンジ, スパとレストラン。","男性","レジャー"
27,"部屋とサービスに満足しました","男性","ビジネス"
28,"良いサービス","女性","レジャー"
29,"部屋は小さいですが居心地が良いです。 素晴らしいレストランです。","男性","ビジネス"
30,"小さいながらも居心地の良い部屋です。 しかし、夜間のポーターは非常に不快でした","女性","ビジネス"
31,"部屋の装飾が素晴らしく、スタッフも親切でした。","男性","ビジネス"
32,"すべて順調でした。 ホテルは良い状態でした","女性","レジャー"
33,"価格性能比は適切です。 ロケーションは最高です。 ","女性","レジャー"
34,"部屋はとてもよく整っています","男性","ビジネス"
35,"景色は素晴らしいです！ 素晴らしい改装","女性","レジャー"
36,"ホテルの立地は本当に最高です。 スタッフの質が悪い","女性","レジャー"
37,"部屋は新しく改装されました, とても広くて清潔です。 価格は手頃です。","女性","レジャー"
38,"価格とパフォーマンスのバランスが良いホテル, しかしエアコンは個別に調節できない","男性","ビジネス"
39,"宿泊施設にとても満足しました, 場所とサービス。 その上, 部屋は非常に清潔でした。 私たちは戻ります","女性","レジャー"
40,"中心部に位置する、非常に手入れの行き届いた家。","女性","レジャー"
41,"強くお勧めします","男性","ビジネス"
42,"ホテルのスタッフはとてもフレンドリーで親切でした。","男性","レジャー"
43,"ホテルはとても満足できるものでした。","女性","ビジネス"
44,"価格は本当に素晴らしかった","男性","ビジネス"
45,"部屋はとても清潔で広々としています。","女性","ビジネス"
46,"ホテルはとても静かです, しかし、部屋は毎日掃除されませんでした。","女性","レジャー"
47,"スタッフはフレンドリーで親切でした。","男性","レジャー"
48,"フレンドリーで丁寧なスタッフ。","男性","ビジネス"
49,"私たちはすぐに安心しました, まるで家にいるみたい。","男性","ビジネス"
50,"とても美しい。 スイートは設備が整っていてとても素敵です。","男性","レジャー"
51,"とてもよく運営されているホテル","男性","レジャー"
52,"静かなホテル","女性","ビジネス"
53,"とても静かなホテル","男性","ビジネス"
54,"このホテルを強くお勧めします。 とても素敵で親切なサービスでした。","男性","レジャー"
55,"美しい景色の中にある素晴らしいホテル","男性","レジャー"
56,"素晴らしいロケーション。","女性","レジャー"
57,"このホテルは静けさを求める人にとっては夢のような場所です。","男性","レジャー"
58,"部屋はとてもよく整備されていて清潔です","女性","レジャー"
59,"とても手入れの行き届いたホテルです。","女性","ビジネス"
60,"コストパフォーマンスに優れている","女性","レジャー"
61,"このホテルはあらゆる点で必見です：清潔さ, 食品の質と種類","女性","レジャー"
62,"家族向け, 静かな, クリーン。","女性","レジャー"
63,"常に品質の向上に努めています。","男性","ビジネス"
64,"サービスはよかったです。","女性","レジャー"
65,"サービスはよかったです。","男性","ビジネス"
66,"素晴らしくてとても安いルームサービス","女性","レジャー"
67,"品質と衛生状態が良い","女性","ビジネス"
68,"ビュッフェの品揃えがとても良いです。","女性","ビジネス"
69,"朝食には様々な料理が並びます。","女性","レジャー"
70,"部屋は良かった, 清潔で手入れが行き届いています。 エアコンは調節可能です。","男性","ビジネス"
71,"アパートは設備が整っています。","男性","ビジネス"
72,"バスルームは大丈夫でした。","男性","レジャー"
73,"価格性能比は素晴らしいです！","男性","レジャー"
74,"お金に見合う価値が超あります!","女性","レジャー"
75,"私たちは食べ物に嬉しい驚きを覚えました。 ビュッフェ式朝食はいつも豊富で美味しかったです","男性","レジャー"
76,"ホテルはとても静かです。 私にとって, それは最適でした。","男性","ビジネス"
77,"部屋は大丈夫。","男性","ビジネス"
78,"プールはいいです, 常に清潔で、サンラウンジャーもいつでもご利用いただけます。","男性","レジャー"
79,"お子様に最適","女性","レジャー"
80,"完璧なロケーション, 優秀なスタッフ。 コストパフォーマンスに優れている","男性","ビジネス"
81,"すべてが素晴らしかったです。","男性","ビジネス"
82,"とても清潔な施設と美しいアパート。","男性","レジャー"
83,"食べ物は素晴らしくて美味しかったです。","女性","ビジネス"
84,"プールはきれいです","女性","レジャー"
85,"全体的にはきれいな場所での素敵な休暇でした, フレンドリーな環境。","男性","レジャー"
86,"スタッフはとてもフレンドリーで親切です","男性","ビジネス"
87,"部屋はとてもモダンで快適で、バスルームも広かったです。","男性","レジャー"
88,"全体として, ホテルは1週間とても良かったです, したがって強くお勧めします。","男性","レジャー"
89,"素晴らしいロケーション。 これまで宿泊したホテルの中で最高のホテルの一つです。","男性","レジャー"
90,"良い場所です。","女性","ビジネス"
91,"場所。","男性","ビジネス"
92,"寝具の品質は劣っていました","男性","レジャー"
93,"この場所をお勧めします","女性","レジャー"
94,"きちんとした清潔なホテル。 素晴らしいアップグレード","男性","レジャー"
95,"きちんとしたホテル","女性","ビジネス"
96,"ちゃんとした, 清潔なホテル","男性","レジャー"
97,"清潔なホテル","男性","レジャー"
98,"技術的なサービスは申し分ありませんでした。","男性","レジャー"
99,"とても美味しい料理","女性","ビジネス"
100,"とてもフレンドリーな対応, しかし、バスルームに悪臭がしました。","男性","レジャー"
101,"素晴らしいサービス, 食事と部屋。","女性","レジャー"
102,"素晴らしい屋内プールとスパ設備","女性","ビジネス"
103,"とても広々とした部屋","女性","ビジネス"
104,"おいしい朝食。 全体的にサービスにとても満足しました","男性","レジャー"
105,"とても良いスタッフ","男性","ビジネス"
106,"とてもフレンドリーで丁寧なサービスに感謝したいと思います。","男性","レジャー"
107,"食べ物は美味しくて種類も豊富でした","男性","ビジネス"
108,"素晴らしいロケーションにある美しいホテル。","女性","レジャー"
109,"静かなホテル","男性","ビジネス"
110,"無料インターネットはありません。 無料のテレビはありません。 部屋が狭すぎる","男性","ビジネス"
111,"部屋は臭くて狭かった","女性","ビジネス"
112,"親切なスタッフ","男性","レジャー"
113,"初め, 良い価格, 第二に, フレンドリーなスタッフ","女性","レジャー"
114,"レストランの品揃えがとても良い","女性","ビジネス"
115,"ロケーションは最高","女性","ビジネス"
116,"親切なスタッフ","女性","レジャー"
117,"とても静か","女性","レジャー"
118,"夕食は素晴らしかったです。","女性","レジャー"
119,"家族連れに最適です。","女性","レジャー"
120,"部屋は広くて快適でした","男性","レジャー"
121,"ウェイターはとてもフレンドリーでした。 私の部屋は少し小さかったが快適でした。","男性","ビジネス"
122,"重要なのは価格が手頃だ","女性","レジャー"
123,"便利な場所にある","男性","レジャー"
124,"ビュッフェにはバラエティに富んだ料理がありました","男性","レジャー"
125,"素晴らしいプール","男性","レジャー"
126,"衛生状態が良い","女性","ビジネス"
127,"騒音なし, 空港に非常に近いです。","男性","ビジネス"
128,"ルームサービスは早くて、値段も高すぎなかった","男性","ビジネス"
129,"朝食はとても美味しかったです","女性","レジャー"
130,"清潔でモダンなバスルーム","男性","ビジネス"
131,"素敵なホテル","女性","ビジネス"
132,"完璧な滞在","男性","レジャー"
133,"スタッフはとても親切でした","女性","レジャー"
134,"素敵で広々とした部屋","男性","レジャー"
135,"部屋は清潔で、バスルームも本当に素敵でした。","男性","レジャー"
136,"食べ物は美味しかった","女性","レジャー"
137,"部屋は素敵です, 川を見下ろす","男性","レジャー"
138,"美しい場所","男性","レジャー"
139,"とても静か","女性","ビジネス"
140,"部屋はとてもきれいでした","女性","レジャー"
141,"期待通りのサービスと清潔さ","女性","レジャー"
142,"フレンドリーなスタッフ","女性","レジャー"
143,"部屋は清潔でした","男性","ビジネス"
144,"とてもスタイリッシュ, モダンなホテル","男性","レジャー"
145,"良い場所","男性","ビジネス"
146,"フレンドリーなサービス","男性","ビジネス"
147,"良い価格","女性","レジャー"
148,"すべてがきれいでした","女性","ビジネス"
149,"迅速なサービス","女性","レジャー"
150,"おいしい朝食","女性","ビジネス"
151,"レストランの品揃えが豊富","女性","レジャー"
152,"値段の割に食事は美味しかった, しかし、毎日"じ"日替わりメ"ュー"です","女性","レジャー"
153,"場所と価格","男性","レジャー"
154,"スタッフはとても勤勉で礼儀正しい","男性","ビジネス"
155,"素晴らしいロケーション","男性","ビジネス"
156,"とても良いサービスでした。","女性","レジャー"
157,"衛生状態が非常に良い。 バスルームは清潔でした","女性","レジャー"
158,"正直に言うと何もありません!","男性","ビジネス"
159,"廊下と階段は清潔で明るかった, しかし、部屋とバスルームは埃っぽかったです。","女性","ビジネス"
160,"良い価格","女性","ビジネス"
161,"新しいサウナはとても良い","男性","レジャー"
162,"朝食はとても美味しかったです","男性","レジャー"
163,"部屋はかなり広い","男性","ビジネス"
164,"駐車場はとても便利","男性","レジャー"
165,"費用対効果が低い。","男性","レジャー"
166,"お子様連れに優しいホテルです。夫と子供達とまた必ず来ます。","女性","ビジネス"
167,"バーはとても居心地がよく、値段に見合った価値がありました","女性","ビジネス"
168,"すべてがきれいでした","女性","レジャー"
169,"ルームサービスは非常に正確です","女性","ビジネス"
170,"良い価格","女性","ビジネス"
171,"清潔でモダンなホテル","女性","ビジネス"
172,"部屋は暖かくて快適でした","男性","ビジネス"
173,"とても静かです。 リラックス","女性","ビジネス"
174,"部屋とバスルームはモダンで清潔でした","男性","レジャー"
175,"問題ない","女性","ビジネス"
176,"レストランでは美味しい郷土料理を楽しめます","女性","ビジネス"
177,"車で簡単にアクセスできます。","男性","レジャー"
178,"食事は素晴らしかったです。 とても素晴らしい時間を過ごしました。","男性","ビジネス"
179,"雰囲気抜群。","女性","レジャー"
180,"朝食はとても美味しく、料金に含まれていました。","女性","レジャー"
181,"ダイニングルームとバーは常に清潔です。 空港に近いホテル。","女性","ビジネス"
182,"モダンで新鮮な玄関ホール","女性","ビジネス"
183,"良い価格","女性","レジャー"
184,"とても静かです。 アップグレードされた部屋は素晴らしかったです。 フロントのスタッフはとても親切でした。","女性","レジャー"
185,"駐車場が高すぎる","女性","レジャー"
186,"ホテルはとても清潔でした, スタッフはいつもフレンドリーでした","女性","レジャー"
187,"サービスは期待通り良かった","男性","レジャー"
188,"バスルームはとても清潔でした","女性","レジャー"
189,"部屋はとても清潔","男性","レジャー"
190,"地元の料理と地元のワインを楽しみました","男性","レジャー"
191,"部屋の唯一の問題は、エアコンをオフにできないことです","女性","ビジネス"
192,"とても古い浴槽（でも清潔！）","女性","ビジネス"
193,"アップグレードはありません。 デスクで約20分を無駄にする","男性","ビジネス"
194,"残念ながら、すべて追加料金がかかります。","男性","レジャー"
195,"スポーツプログラムの欠如","男性","ビジネス"
196,"スポーツ施設なし","男性","ビジネス"
197,"食べ物は品質の面で改善できる可能性があります。","女性","レジャー"
198,"このホテルは私が訪れた中で最悪の場所だ","男性","レジャー"
199,"サービスも価格も良かったです。 しかし, このレストランはお勧めできません","女性","ビジネス"
200,"とても不親切な受付でした。","男性","ビジネス"
201,"わかりにくい受付！！ チェックインには何時間もかかりました。","男性","ビジネス"
202,"朝食は高すぎました。基本的な朝食はいつも同じでした。","女性","レジャー"
203,"とても素敵なスイートルームを用意してくれました, しかし食べ物が冷めてしまったら","女性","レジャー"
204,"ダイニングルームは少し暗かった","女性","レジャー"
205,"妻と私は今回で3回目の宿泊となりますが、滞在に非常に満足しています。","男性","レジャー"
206,"駐車場は無料になるかもしれない","男性","レジャー"
207,"ホテルを見つけるのが大変でした, しかし素晴らしいサービス","女性","レジャー"
208,"素晴らしい料理です！","女性","レジャー"
209,"残念な景色。 私の部屋にはタバコの臭いがしました。","男性","ビジネス"
210,"サービスが遅すぎました。","男性","ビジネス"
211,"小さな部屋。 ルームサービスやレストランはご利用いただけません。","女性","レジャー"
212,"ワインは高すぎた","男性","レジャー"
213,"部屋に金庫はありません","男性","レジャー"
214,"4階に悪臭がする。 壁が薄いため、夜の睡眠が不快です。 便座の交換が必要","女性","ビジネス"
215,"インターネットにアクセスしたい","男性","レジャー"
216,"ベッドは寝心地が悪かった, カーペットは汚れていた","女性","ビジネス"
217,"廊下は暗すぎた","女性","ビジネス"
218,"ウェイトレスは食べ物にナッツが含まれていないかどうかは言えなかった。 私はナッツアレルギーです","女性","ビジネス"
219,"サービスが遅かった。","女性","レジャー"
220,"朝食に選択肢がない","女性","レジャー"
221,"インターネット接続がなかった","女性","レジャー"
222,"食事の時間が早すぎました。 ダイニングエリアが狭くてひどかった","男性","レジャー"
223,"朝食は追加料金がかかります","女性","レジャー"
224,"スタッフも充実しており、清潔感のある素敵なホテルです。","男性","ビジネス"
225,"部屋は毎日掃除されなかった","女性","レジャー"
226,"プールはいつも閉まっていた","女性","ビジネス"
227,"朝食に十分な時間をかけられない","女性","ビジネス"
228,"ベッドは快適ではなかった","女性","レジャー"
229,"テレビが壊れた","男性","ビジネス"
230,"完璧な滞在でした。","男性","ビジネス"
231,"メンテナンスの行き届いていないホテル","男性","レジャー"
232,"夕方の騒音が多すぎる","女性","レジャー"
233,"バスルームに石鹸がなかった","男性","ビジネス"
234,"暖房の音がうるさかった（夜）","男性","ビジネス"
235,"レストランで, 食器はとても古くて汚かった","女性","レジャー"
236,"ウェイトレスの一人は非常に失礼だった","男性","レジャー"
237,"高価で質の悪いルームサービス","男性","レジャー"
238,"ジュースは新鮮ではなかった","女性","ビジネス"
239,"部屋にヘアドライヤーはありません","女性","レジャー"
240,"マットレスはとても不快でした","女性","レジャー"
241,"エレベーターの隣の部屋。 とてもうるさい","女性","レジャー"
242,"バーの音楽がひどい","男性","ビジネス"
243,"バスルームの鏡が汚れていた","女性","レジャー"
244,"非常に古風な家具。 硬いマットレス","男性","ビジネス"
245,"ファミリールームが足りない","女性","レジャー"
246,"インターネットアクセスなし","女性","レジャー"
247,"ホテルラウンジはあまり使い勝手がよくない","女性","ビジネス"
248,"部屋に満足していない - かなり狭すぎる","女性","レジャー"
249,"ホテルは中心部に位置していない。ビジネスで訪れたが、レジャーで訪れることはないだろう。","女性","ビジネス"
250,"バスルームが小さすぎた","男性","レジャー"
251,"設備が悪い","男性","ビジネス"
252,"小規模会議室","男性","ビジネス"
253,"不親切なウェイトレス","男性","レジャー"
254,"ベッドが硬すぎた","女性","レジャー"
255,"駐車場が暗すぎた","女性","ビジネス"
256,"バーは高すぎた","男性","レジャー"
257,"子供が多すぎる","女性","レジャー"
258,"シーツが不快だった","女性","ビジネス"
259,"部屋に椅子がない","女性","ビジネス"
260,"バスで到着できない。部屋のアメニティの質が低い。","女性","レジャー"
261,"立地は良いが駅から遠すぎる","女性","レジャー"
262,"レイトチェックアウトも全く問題ありませんでした。 素晴らしいサービス。","男性","ビジネス"
263,"このホテルは時代遅れです。 小さな部屋, アメニティが少ない。","男性","ビジネス"
264,"部屋があまりに匿名です。 追加料金が高すぎます。","女性","レジャー"
265,"素敵な場所ですが、キッチンはあまり良くなく、値段が高すぎます。","女性","ビジネス"
266,"部屋の内装は古めかしく、使い古されています。","女性","レジャー"
267,"プールの利用は有料です","男性","ビジネス"
268,"部屋のカーペットにシミがあった","女性","ビジネス"
269,"皆さんとてもフレンドリーで親切でした。","女性","ビジネス"
270,"雰囲気, 親しみやすさ","女性","レジャー"
271,"サービス, 親しみやすさ, 清潔さ","女性","レジャー"
272,"素晴らしいサービスですが、非常に古めかしいので、早急に修復/改修が必要です。","女性","ビジネス"
273,"操作と受信が素晴らしい。","女性","ビジネス"
274,"朝食ビュッフェ","男性","ビジネス"
275,"素晴らしいロケーション","男性","ビジネス"
276,"完璧なロケーション","男性","ビジネス"
277,"私たちの期待はすべて満たされただけでなく、それを超えました! とてもフレンドリーで親切なスタッフ","女性","レジャー"
278,"客室内に無線LANはありません, 部屋が悪い, 壊れたエアコン","男性","ビジネス"
279,"客室内にWi-Fiはありません, 部屋が悪い","男性","レジャー"
280,"受付のスタッフはとても親切で丁寧でした","女性","レジャー"
281,"予約ができませんでした。","女性","ビジネス"
282,"完璧な予約","女性","レジャー"
283,"予約はうまくいきました。","女性","レジャー"
284,"朝食ビュッフェは素晴らしく、スタッフはとてもフレンドリーでした","女性","レジャー"
285,"チェックアウトはとても良かったです。","女性","ビジネス"
286,"防音は非常に良かった","女性","レジャー"
287,"残念ながら, 部屋は非常に古くて居心地が悪い。","女性","レジャー"
288,"残念ながら, バスルームの清掃が非常に不十分でした。","女性","レジャー"
289,"エレベーターが小さすぎます。","女性","ビジネス"
290,"エレベーターはとても便利","男性","レジャー"
291,"優先ゲストアップグレード","男性","ビジネス"
292,"アップグレードなし","男性","ビジネス"
293,"客室無料アップグレード","男性","ビジネス"
294,"追加料金で部屋のアップグレードを提案されました","男性","ビジネス"
295,"素晴らしい朝食ビュッフェ。 必ずまた来ます。","女性","レジャー"
296,"客室のアップグレードプログラムが素晴らしい","男性","ビジネス"
297,"豪華な客室, 素晴らしいロケーション","女性","レジャー"
298,"アップグレードは提案されませんでした","男性","ビジネス"
299,"優れたインフラ, 素晴らしい料理, 完璧なロケーション","女性","レジャー"
300,"価格パフォーマンスに優れた美しいホテル","女性","レジャー"
301,"価格","女性","レジャー"
302,"価格性能比が良い","女性","レジャー"
303,"ホテルは素敵です, ただし、中心部に位置しているわけではありません。","女性","ビジネス"
304,"悪い場所","男性","レジャー"
305,"ホテルの周辺はとてもよく整備されていました。","女性","レジャー"
306,"ホテル周辺はとても悪かった","女性","ビジネス"
307,"中心部に位置する","女性","ビジネス"
308,"美しい環境。","男性","ビジネス"
309,"最高のロケーション","女性","レジャー"
310,"この地域は非常によく整備されていました, 部屋はとても広い","女性","レジャー"
311,"部屋の質","男性","レジャー"
312,"部屋の広さが素晴らしい","女性","ビジネス"
313,"素晴らしい部屋のサイズ","女性","レジャー"
314,"客室内で無料WiFiを利用可能","女性","レジャー"
315,"客室内に無料WiFiはありません","男性","レジャー"
316,"無料Wi-Fiなし","男性","レジャー"
317,"このホテルは時代遅れです。","女性","ビジネス"
318,"残念ながら、滞在は非常に残念なものでした。","女性","レジャー"
319,"ホテルは完全に混雑していました。 部屋に無料Wi-Fiがない","男性","レジャー"
320,"不十分なアメニティ","男性","ビジネス"
321,"不快な雰囲気","男性","ビジネス"
322,"心地よい雰囲気","女性","ビジネス"
323,"時代遅れの雰囲気。 ポルティエは挨拶をしません。 バスルームの暖房が効きません。","女性","レジャー"
324,"素晴らしいホテル","女性","レジャー"
325,"最高品質。 広い部屋にアップグレードしてもらいました","男性","ビジネス"
326,"ホテルは私たちの期待を完全に満たしてくれました。","女性","レジャー"
327,"敷地はとてもよく整備されていました。 とてもきれい","女性","ビジネス"
328,"雰囲気もスタッフのサービスも素晴らしいです。","男性","レジャー"
329,"雰囲気もスタッフのサービスも素晴らしいです。","男性","ビジネス"
330,"私たちは本当に楽しい滞在を楽しみました。","女性","レジャー"
331,"中心部に位置していない","男性","ビジネス"
332,"お金に見合う価値はそれほど良くありません。 高すぎる。","男性","レジャー"
333,"待ち時間が長い。 スタッフは非常に失礼です","女性","ビジネス"
334,"バーでの長い待ち時間","男性","ビジネス"
335,"朝食ルームの不愉快な雰囲気","男性","レジャー"
336,"部屋が利用できません","女性","ビジネス"
337,"施設はよく整備されており、アップグレードしてもらえました","男性","レジャー"
338,"スイートは予想通り、ゆったりとしていてとても素敵でした","女性","レジャー"
339,"悲惨なチェックアウト。 注文していなかった追加料金を請求されました。","女性","ビジネス"
340,"部屋が利用できません","男性","ビジネス"
341,"素晴らしい, フレンドリー, 信頼できるサービス","男性","ビジネス"
342,"タバコの煙による不快感","女性","レジャー"
343,"テレビはとても古かった","男性","ビジネス"
344,"素晴らしいフィットネス施設","男性","ビジネス"
345,"とても親切で丁寧なホテルスタッフ。","女性","ビジネス"
346,"素晴らしい場所です。 また戻ってきます","女性","レジャー"
347,"とても親切なスタッフ, どこでも","男性","レジャー"
348,"チェックインの迅速な完了","女性","ビジネス"
349,"簡単なチェックインとチェックアウト","男性","ビジネス"
350,"受信が遅い, 効果がなく、信頼できない。","女性","レジャー"
351,"改善の清潔さ","女性","レジャー"
352,"素晴らしいデザインです。","男性","ビジネス"
353,"贅沢なスパエリア","男性","レジャー"
354,"新聞は入手できません。","男性","ビジネス"
355,"新聞はありません。","男性","ビジネス"
356,"完璧な価格性能比。 本当にお勧め","女性","レジャー"
357,"完璧さと贅沢さに満ちたホテル","女性","ビジネス"
358,"スタッフからもっとサポートを期待していた","男性","レジャー"
359,"素晴らしい滞在でした, サービスは本当に良いです。","男性","レジャー"
360,"フレンドリーなスタッフ, 良いサービス","男性","ビジネス"
361,"良いサービスとフレンドリーなスタッフ","女性","レジャー"
362,"とてもフレンドリーな歓迎と豊富な朝食ビュッフェ","女性","ビジネス"
363,"素晴らしいサービス, とてもフレンドリーなスタッフ。","女性","レジャー"
364,"その時のサービスは素晴らしかったです。","男性","ビジネス"
365,"サービスは素晴らしいです。 完璧なロケーション","男性","レジャー"
366,"ルームサービスは迅速かつフレンドリーです。","女性","ビジネス"
367,"ルームサービスはとても迅速でした。","女性","レジャー"
368,"ルームサービスはとても迅速でした。","男性","ビジネス"
369,"とても清潔で水準も高かったです!","男性","レジャー"
370,"フレンドリー, 親切なスタッフ。 とてもおいしい朝食でした！","女性","ビジネス"
371,"私たちの期待はすべて満たされただけでなく、それを超えました!","女性","レジャー"
372,"部屋の質と清潔さは期待通りでした","男性","ビジネス"
373,"それは本当に素晴らしいことだと思いました。","男性","レジャー"
374,"上品に装飾されています。 フレンドリーなスタッフ","女性","レジャー"
375,"設備が整っています。","男性","ビジネス"
376,"抜群の快適性。 素晴らしいロケーション。 格安の宿泊施設。","男性","レジャー"
377,"価格が高い。","女性","レジャー"
378,"チェックイン時に待ち時間はありません。 すべて大丈夫です。","女性","ビジネス"
379,"プールではサービスなし","女性","レジャー"
380,"土曜日の朝のルームサービスが悪かった","男性","レジャー"
381,"妻と私はぐっすり眠れました。 完璧なピックアップサービス","男性","レジャー"
382,"受付でのサポートなし","女性","ビジネス"
383,"コンシェルジュからのサポートが不十分","女性","レジャー"
384,"受信状態が悪かった。 二度としない","男性","ビジネス"
385,"スタッフは圧倒されました","男性","レジャー"
386,"出発時に有料シャトルを手配した","女性","レジャー"
387,"とてもフレンドリーなスタッフ。 家族のような場所","女性","ビジネス"
388,"素晴らしいスタッフの態度","女性","ビジネス"
389,"無料シャトルサービス","男性","レジャー"
390,"シャトルはありません。 ソープディスペンサーが補充されていない","男性","ビジネス"
391,"シャトルサービスは無料ではありません。 フロントデスクのスタッフは傲慢で失礼でした。","女性","レジャー"
392,"空港送迎が機能していませんでした。","女性","ビジネス"
393,"ホテルに泊まって楽しかった, しかし残念ながら非常に非人格的です。","男性","レジャー"
394,"屋外プールは汚い印象を与えた","男性","ビジネス"
395,"良いピックアップサービス, しかし、バスルームは不潔でした。","女性","ビジネス"
396,"予約に問題があります。 もう二度としません。","女性","レジャー"
397,"トイレと部屋の嫌な匂いもはっきりしました。","男性","ビジネス"
398,"アップグレードはありません。 チェックアウトが複雑です。","男性","レジャー"
399,"客室内にWi-Fiはありません, 部屋は悪かった。 二度としない","男性","ビジネス"
400,"浴室に錆びた臭いがする。","女性","レジャー"
401,"浴室に換気設備がありません。 下水からの悪臭","女性","ビジネス"
402,"子供たちのための無料のベッドはありません。 認識されません。 アップグレードされませんでした","女性","レジャー"
403,"不快な臭い、不十分な換気","女性","レジャー"
404,"プールエリアは素晴らしかったですが、部屋のエアコンは効きが悪かったです。","男性","ビジネス"
405,"非常に丁寧なスタッフ。","男性","レジャー"
406,"素晴らしいサービス。","男性","ビジネス"
407,"最高級ホテル。 とても楽しい","女性","レジャー"
408,"スタッフは非常に不親切です。同僚にはこのホテルを勧めません。","女性","ビジネス"
409,"無能なホテル経営。 シャトルなし","男性","ビジネス"
410,"朝、玄関に無料の新聞をお届けします","男性","レジャー"
411,"素晴らしい ！ 簡単に予約できます。 素晴らしいテレビ","女性","レジャー"
412,"本当に一流の高級ホテルです。 部屋に心地よい香りが漂います。","女性","ビジネス"
413,"快適に感じました","男性","レジャー"
414,"すべてが完璧でした。 受付の対応はとてもフレンドリーで親切でした。 騒音はありません。 とても清潔です。","男性","ビジネス"
415,"エレベーターは動いていませんでした","女性","ビジネス"
416,"妻にとってすべてが完璧でした, 私と3人の子供たち。","男性","レジャー"
417,"素晴らしいアップグレードです。 簡単なチェックアウト","男性","ビジネス"
418,"エアコンが作動していませんでした。","女性","レジャー"
419,"このホテルは全面的に改装する必要がある。","男性","レジャー"
420,"親しみやすさ","女性","レジャー"
421,"優れた価格性能比","男性","レジャー"
422,"優れた価格性能比","男性","ビジネス"
423,"部屋がとても狭い","女性","ビジネス"
424,"部屋にテレビのリモコンがありません","女性","レジャー"
425,"設備は比較的古い","男性","ビジネス"
426,"部屋はタバコの臭いがした","男性","レジャー"
427,"すべてが素晴らしかったです。 必ずまた戻ってきます。","女性","ビジネス"
428,"5つ星ホテルの仕上げが完全に欠けていた","女性","レジャー"
429,"部屋はとても狭かったです。","男性","ビジネス"
430,"部屋は比較的小さかった。","男性","レジャー"
431,"利点なし","女性","ビジネス"
432,"大丈夫だった","女性","レジャー"
433,"価格性能比は非常に良い","男性","ビジネス"
434,"部屋のエアコンは効率が悪かった","男性","レジャー"
435,"街の騒音","女性","ビジネス"
436,"客室のアップグレード","女性","レジャー"
437,"かび臭い","男性","レジャー"
438,"臭い","男性","ビジネス"
439,"バスルームの衛生状態が悪い","女性","レジャー"
440,"通気性が良い","女性","ビジネス"
441,"非常に過大評価されています。 到着前に部屋をもっときれいに掃除しておいてほしかった ","男性","レジャー"
442,"客室のバスルームは素敵, フレンドリーで丁寧なフロントデスクのスタッフ。","男性","ビジネス"
443,"フロントデスクのスタッフはとても親切でフレンドリーでした！","女性","レジャー"
444,"フロントデスクのスタッフはとてもフレンドリーでした。 ハッピーアワーと朝食はとてもよかった, スタッフはとても親切でした。","女性","ビジネス"
445,"フロントデスクのスタッフはとても親切でフレンドリーでした。","男性","レジャー"
446,"フロントデスクのスタッフはとてもフレンドリーで親切でした！","男性","ビジネス"
447,"フロントデスクのスタッフはとてもフレンドリーでした。","女性","レジャー"
448,"フロントデスクのスタッフはとてもフレンドリーでした。 ホテルのロビーはとても素敵で広々としていました。","女性","ビジネス"
449,"フロントデスクのスタッフは非常に親切でした, プロ, そしてフレンドリー。 ","男性","レジャー"
450,"フロントのスタッフはとてもフレンドリーで親切でした","男性","ビジネス"
451,"スタッフは非常に親切で、快適に過ごせました。","女性","レジャー"
452,"とても親切なスタッフ。","女性","ビジネス"
453,"スタッフはとてもフレンドリーで親切です。 部屋も共用エリアもとても清潔でした。","男性","レジャー"
454,"スタッフ全員が親切でフレンドリーでした","男性","ビジネス"
455,"スタッフ全員が非常に親切でフレンドリーです","女性","レジャー"
456,"素晴らしいホテル,良い場所, 素晴らしい経験でした！","女性","ビジネス"
457,"到着時の素晴らしい歓迎を受けました。 とても広々とした部屋です。","男性","レジャー"
458,"バーの値段は少し高かったです。 その他はすべて非常に良好でした。 素晴らしいホテルスタッフと素晴らしいロケーション","男性","ビジネス"
459,"バスルームが暗すぎる。 小さな部屋なのに値段が高い。","女性","レジャー"
460,"エレベーターが故障した","女性","ビジネス"
461,"エレベーターが故障して騒音がする","男性","レジャー"
462,"エレベーターが壊れていた","男性","ビジネス"
463,"リフトは遅すぎます。","女性","レジャー"
464,"従業員は皆礼儀正しく、控えめな対応でした。 ","女性","ビジネス"
465,"素晴らしいスタッフ","男性","レジャー"
466,"優秀なスタッフ","男性","ビジネス"
467,"インターネットを閲覧することは不可能でした","女性","レジャー"
468,"ベッドは寝心地が悪かった, カーペットは汚れていた","女性","ビジネス"
469,"廊下は暗すぎた","男性","レジャー"
470,"廊下が暗すぎる","男性","ビジネス"
471,"見つけにくい","女性","レジャー"
472,"何もすることがなかった","女性","ビジネス"
473,"景色は悪かった","男性","レジャー"
474,"サービスは遅かった","男性","ビジネス"
475,"朝食に選択肢がない","女性","レジャー"
476,"インターネット接続がなかった","女性","ビジネス"
477,"食事の時間が早すぎた","男性","レジャー"
478,"朝食は別料金です","男性","ビジネス"
479,"夜は何もすることがなく、レストランも閉まっていました。","女性","レジャー"
480,"あなたは私の部屋を一度も掃除してくれなかった","女性","ビジネス"
481,"プールはいつも閉まっていた","男性","レジャー"
482,"朝食に十分な時間をかけられない","男性","ビジネス"
483,"ベッドは快適ではなかった","女性","レジャー"
484,"テレビが壊れた","女性","ビジネス"
485,"自転車を駐車できない","男性","レジャー"
486,"夕方の騒音が多すぎる","女性","ビジネス"
487,"バスルームに石鹸がなかった","男性","レジャー"
488,"禁煙ルーム","男性","ビジネス"
489,"暖房の音がうるさかった（夜）","女性","レジャー"
490,"灰皿は空になっていなかった","女性","ビジネス"
491,"ルームサービスが悪かった。 改装が必要","男性","レジャー"
492,"ジュースは新鮮ではなかった","男性","ビジネス"
493,"部屋にヘアドライヤーはありません","女性","レジャー"
494,"マットレスが非常に不快","女性","ビジネス"
495,"バーの音楽がひどい","男性","ビジネス"
496,"バスルームの鏡が汚れていた","女性","レジャー"
497,"非常に古風な家具","女性","ビジネス"
498,"ファミリールームが足りない","男性","レジャー"
499,"インターネットアクセスなし","男性","ビジネス"
500,"ホテルのウェブサイトはあまりユーザーフレンドリーではない","女性","レジャー"
501,"部屋に満足していない - かなり狭すぎる","女性","ビジネス"
502,"ホテルは中心部に位置していない","男性","レジャー"
503,"バスルームが小さすぎた","男性","ビジネス"
504,"設備が悪い","女性","レジャー"
505,"小規模会議室","女性","ビジネス"
506,"不親切なウェイトレス","男性","レジャー"
507,"ベッドは硬すぎました。 カーペットは破れていて臭かった。 一言で言えば, ホテルの状態が悪い, スタッフはフレンドリーでした","男性","ビジネス"
508,"残念ながら荷物は紛失してしまいました","女性","レジャー"
509,"駐車場が暗すぎた","男性","レジャー"
510,"バーは高すぎた","男性","ビジネス"
511,"子供が多すぎる","女性","レジャー"
512,"シーツが不快だった","女性","ビジネス"
513,"部屋に椅子がない","男性","レジャー"
514,"バスで到着することはできません","男性","ビジネス"
515,"立地は良いが駅から遠すぎる","女性","レジャー"
516,"レイトチェックアウトも全く問題ありませんでした。 素晴らしいサービス。","女性","ビジネス"
517,"ホテルは時代遅れだ","男性","レジャー"
518,"部屋があまりに匿名です。 追加料金が高すぎます。","男性","ビジネス"
519,"食べ物はあまり美味しくなく、かなり高価です。","女性","レジャー"
520,"部屋の内装は古めかしく、使い古されています。","女性","ビジネス"
521,"プールの利用は有料です","男性","レジャー"
522,"部屋のカーペットにシミがあった","男性","ビジネス"
523,"皆さんとてもフレンドリーで親切でした。","女性","レジャー"
524,"雰囲気, 親しみやすさ","女性","ビジネス"
525,"サービス, 親しみやすさ, 清潔さ","男性","レジャー"
526,"素晴らしいサービスですが、非常に古めかしいので、早急に修復/改修が必要です。","男性","ビジネス"
527,"素晴らしいサービスと受付。","女性","レジャー"
528,"素晴らしい朝食ビュッフェ","女性","ビジネス"
529,"完璧なロケーション","男性","レジャー"
530,"完璧なロケーション","男性","ビジネス"
531,"アップグレードはありません。","女性","ビジネス"
532,"コストパフォーマンスに優れたホテルです。","女性","レジャー"
533,"より良い朝食","男性","レジャー"
534,"楽しい滞在","男性","ビジネス"
535,"壮大な建造物。 優れた価値","女性","レジャー"
536,"素晴らしいホテルです！","女性","ビジネス"
537,"素晴らしい歓迎です！","男性","レジャー"
538,"食事は最高でした","男性","ビジネス"
539,"食事は素晴らしかった","女性","レジャー"
540,"食事は素晴らしかった","女性","ビジネス"
541,"食べ物は美味しかった","男性","レジャー"
542,"食べ物は美味しかったです。","男性","ビジネス"
543,"食事は素晴らしかった","女性","レジャー"
544,"食事は素晴らしかった","女性","ビジネス"
545,"食べ物は美味しくなかった。","男性","レジャー"
546,"食べ物は素晴らしかった","男性","ビジネス"
547,"食べ物はとても美味しかったです。","女性","レジャー"
548,"値段が少し高い","女性","ビジネス"
549,"プロフェッショナリズム","男性","レジャー"
550,"迅速なサービス","男性","ビジネス"
551,"無料WiFiを提供する","女性","レジャー"
552,"少し汚くてうるさい","女性","ビジネス"
553,"枕の上のチョコレートを楽しみました ;-)","男性","レジャー"
554,"楽しい滞在","男性","ビジネス"
555,"フレンドリーで親切なスタッフ。","女性","レジャー"
556,"壮大な建造物。","女性","ビジネス"
557,"素晴らしいホテルです！","男性","レジャー"
558,"素晴らしい歓迎です！","男性","ビジネス"
559,"隣の部屋から大きな騒音が聞こえる","女性","レジャー"
560,"すべて順調でした。","男性","レジャー"
561,"すべてが良かった","男性","ビジネス"
562,"全て良かったです！！","女性","レジャー"
563,"すべてが素晴らしかった","女性","ビジネス"
564,"すべてが素晴らしかった","男性","レジャー"
565,"すべてが素晴らしかった","男性","ビジネス"
566,"すべてが素晴らしかったです！","女性","レジャー"
567,"すべてが素晴らしかったです。","女性","ビジネス"
568,"すべてが素晴らしかったです。","男性","レジャー"
569,"すべてが完璧でした。","男性","ビジネス"
570,"すべてが素晴らしかったです。","女性","レジャー"
571,"すべてが完璧でした","女性","ビジネス"
572,"すべてが完璧でした","男性","レジャー"
573,"すべてが完璧でした。","男性","ビジネス"
574,"すべて満足でした。","女性","レジャー"
575,"すべてが素晴らしかった","女性","ビジネス"
576,"すべてが最高でした！","男性","レジャー"
577,"素晴らしいサービスです。","男性","ビジネス"
578,"素晴らしいサービスです。","女性","レジャー"
579,"素晴らしいサービスです。 素晴らしい部屋です。","女性","ビジネス"
580,"素晴らしいサービスです。 素晴らしい部屋です。","男性","レジャー"
581,"素晴らしいサービスとアメニティ","男性","ビジネス"
582,"素晴らしいスペースと素敵な部屋","女性","レジャー"
583,"素晴らしい場所","女性","ビジネス"
584,"素晴らしいスタッフ","男性","レジャー"
585,"素晴らしいスタッフ","男性","ビジネス"
586,"素晴らしいスタッフ","女性","レジャー"
587,"部屋にスリッパがありません。","女性","ビジネス"
588,"禁煙ポリシー","男性","レジャー"
589,"敷地内にスパサービスはありません","男性","ビジネス"
590,"ロビーにスペースがない","女性","レジャー"
591,"提案なし","女性","ビジネス"
592,"タクシーやシャトルバスは利用できません","男性","レジャー"
593,"お茶はなし","男性","ビジネス"
594,"最高のエリアではない, しかし、価格は比較的リーズナブルです","女性","レジャー"
595,"歯ブラシも歯磨き粉もありません。","女性","ビジネス"
596,"ウェルカムフルーツなし","男性","レジャー"
597,"ウェルカムフルーツなし","男性","ビジネス"
598,"部屋のアップグレードはよかった","女性","レジャー"
599,"部屋のアップグレードは予想外でした。","女性","ビジネス"
600,"お部屋アップグレード！","男性","レジャー"
601,"部屋の眺め, サイズとデザイン。","男性","ビジネス"
602,"部屋は予想以上に良かった","女性","ビジネス"
603,"部屋は広くてよかったです。","男性","レジャー"
604,"部屋は清潔でした。","男性","ビジネス"
605,"部屋は古めかしい","女性","レジャー"
606,"部屋は素晴らしかった","女性","ビジネス"
607,"部屋は素晴らしかった","男性","レジャー"
608,"部屋は素晴らしかったです！","男性","ビジネス"
609,"部屋は期待通りではなかった","女性","レジャー"
610,"部屋の状態は良くなかった","女性","ビジネス"
611,"部屋はあまり良くなかった","男性","レジャー"
612,"部屋は狭かった","男性","ビジネス"
613,"部屋は予想よりずっと広かった","女性","レジャー"
614,"良い立地, フレンドリーなスタッフ, おいしい食べ物","女性","レジャー"
615,"部屋のアップグレードは受けられませんでした。","女性","レジャー"
616,"前の宿泊客の後にバスルームが清掃されていません。 チェックインは悪夢でした。","女性","レジャー"
617,"アップグレードした部屋からの眺めは素晴らしかったです。 従業員は皆フレンドリーでした, フロントデスクから清掃スタッフまで。","女性","レジャー"
618,"快適な客室, 素敵なプール。","女性","レジャー"
619,"素晴らしい経験, 素晴らしいスタッフがいる、よく運営されているホテルです。","女性","レジャー"
620,"良い立地, フレンドリーなスタッフ, おいしい食べ物","女性","ビジネス"
621,"素晴らしい経験, 素晴らしいスタッフがいる、よく運営されているホテルです。","女性","ビジネス"
622,"非常にユーザーフレンドリーな体験。 素晴らしい食事とスタッフ。","女性","レジャー"
623,"素敵な滞在でした。","女性","レジャー"
624,"快適な客室, 素敵なプール。","女性","レジャー"
625,"またここに泊まります。 素晴らしいスタッフ。","女性","レジャー"
626,"妻と私は思い出に残るハネムーン滞在を過ごしました。","男性","レジャー"
627,"このホテルは本当に素晴らしい","女性","レジャー"
628,"従業員全員が非常にフレンドリーで親切でした。","女性","レジャー"
629,"スタッフ全員が親切でフレンドリーでした","女性","ビジネス"
630,"アップグレードした部屋からの眺めは素晴らしかったです。 従業員は皆フレンドリーでした, フロントデスクから清掃スタッフまで。","女性","レジャー"
631,"私たちの滞在はあらゆる面で素晴らしかったです。","女性","レジャー"
632,"アップグレードは大変ありがたかったです。","女性","レジャー"
633,"前の宿泊客が利用した後、バスルームは清掃されていませんでした。 チェックインとチェックアウトは悪夢でした。","女性","レジャー"
634,"部屋のアップグレードは受けられませんでした。","女性","レジャー"
635,"従業員は皆丁寧でした。 ","女性","レジャー"
636,"施設はよく管理されていて、とても清潔でした。 ","女性","レジャー"
637,"部屋はきれいで、食事もおいしくて、かなり安かったです。","女性","レジャー"
638,"立地は良いが、廊下の臭いがひどい。残念","女性","ビジネス"
639,"シーツは清潔でしたが、部屋は臭いがあり清潔ではありませんでした。","女性","ビジネス"
640,"駐車料金とインターネット接続料金が請求されました。","女性","レジャー"
641,"ホテルのシャトルは非常に便利でした ","女性","レジャー"
642,"場所は素晴らしかったです。","男性","ビジネス"
643,"エアコンが作動していませんでした。 修理したとき, それは、あまりにもうるさいということに気づいたことでした。","男性","レジャー"
644,"エアコンの音がうるさい。","男性","レジャー"
645,"部屋のアップグレードを期待していました。","男性","ビジネス"
646,"午後3時30分までに部屋の準備ができません。","男性","ビジネス"
647,"チェックアウト時, スタッフはかなり失礼でした。 しかし、部屋は素敵で、装飾も素敵でした。","男性","ビジネス"
648,"素晴らしいロケーション, 高速シャトルサービス, おいしい食べ物, 清潔な部屋。","男性","ビジネス"
649,"フィットネスルームはありません。 全体的にサービスに非常に失望しました。 部屋が古くなってきています, カーペットや壁はより新鮮になります","男性","ビジネス"
650,"フィットネスルームは開いていませんでした。","男性","ビジネス"
651,"2軒のレストランは週末は閉まっており、ホテルは街から遠すぎます。","男性","レジャー"
652,"無料インターネットアクセス, 清潔な部屋, フレンドリーな人々。","男性","レジャー"
653,"優秀なスタッフ, 素晴らしいロケーション。","男性","ビジネス"
654,"コンセントが清潔ではなかった, 朝食は提案されたものに対して高すぎました。","男性","ビジネス"
655,"夫と私はこの素晴らしいホテルで2日間を過ごしました。必ずまた来ます。","女性","レジャー"
656,"夫と私は素晴らしい滞在を過ごしました。 レストラン, スポーツ施設, 位置, 部屋の設備も素晴らしかったです。","女性","レジャー"
657,"地元の名物料理を数多く取り揃えた、安くて素晴らしいレストラン。","女性","ビジネス"
658,"妻と私はスタッフの丁寧な対応に感謝しています。","男性","レジャー"
659,"素晴らしいロケーションと優れたシャトル施設。","女性","レジャー"
660,"夫と私はフィットネスセンターがとても気に入りました。","女性","レジャー"
661,"古臭い匂いと狭いバスルーム。","女性","ビジネス"
662,"部屋には煙の臭いがした。","女性","ビジネス"
663,"私のリクエストはすべて対応され、丁寧に扱われました。 これまでで最高のホテル体験のひとつです。","女性","レジャー"
664,"朝食時の人員が足りません。","女性","レジャー"
665,"コンシェルジュの素晴らしいサポート。 素敵なアメニティ。 素晴らしい料理","女性","ビジネス"
666,"問題が発生した場合の迅速な対応","女性","レジャー"
667,"人は皆素晴らしい。 ","女性","レジャー"
668,"チェックインが遅い。 Wi-Fi料金を支払わなければなりませんでした。 壁も非常に薄かったです。","女性","レジャー"
669,"チェックアウトはとても早かったです。 部屋の質","女性","レジャー"
670,"チェックインの手続きが長い。受付にもっと人員を配置してもよかった。","女性","レジャー"
671,"チェックイン、チェックアウト時に待ち時間はありません。","女性","レジャー"
672,"朝食時の待ち時間が長すぎます。","女性","レジャー"
673,"チェックアウトの待ち時間が短い","女性","レジャー"
674,"エレベーターで4階まで行くのに時間がかかります。","女性","レジャー"
675,"スタッフは必ずしも私たちの子供たちに親切ではありません。","女性","レジャー"
676,"インターネットは無料であるべきだ","男性","レジャー"
677,"インターネットは無料であるべきだ","男性","レジャー"
678,"インターネットは無料であるべきだ","女性","レジャー"
679,"インターネットは無料であるべきだ","女性","レジャー"
680,"インターネットアクセスに高額な料金を支払わなければなりませんでした。","女性","レジャー"
681,"私の部屋ではWi-Fiが機能しませんでした。","女性","ビジネス"
682,"清潔ではないことが分かりました。 ","女性","レジャー"
683,"スタッフの親切さと食事の質","女性","ビジネス"
684,"とても静かです。 婚約者と素晴らしい滞在を楽しみました。 必ずまた来ます","女性","レジャー"
685,"ユニットは広々としており、設備も充実していました。 立地が良く、エリアへのアクセスも良好です。 とても静かで良い地域です。","男性","ビジネス"
686,"インターネットアクセスに 8.99 ドル払うのは高すぎます。","男性","レジャー"
687,"とても快適なベッド, 素晴らしいレストランと非常に迅速な清掃サービス。","女性","ビジネス"
688,"スタッフの親切さ。","女性","レジャー"
689,"コスト効率が良い。","女性","レジャー"
690,"平均的なホテル","女性","レジャー"
691,"平均的なホテル","男性","レジャー"
692,"平均的なホテル, 唯一の良い点は場所だ","女性","レジャー"
693,"平均的な品質","男性","ビジネス"
694,"平均的なサービス ","女性","レジャー"
695,"素晴らしい施設, フレンドリーな人々。","男性","レジャー"
696,"チェックイン時の体験が悪く、有料の部屋のアップグレードしか利用できないと言われた, そうでなければ、次のカテゴリにも利用できません。","女性","レジャー"
697,"サービスに関する悪い経験。","女性","レジャー"
698,"悪い食べ物, サービスが悪い","女性","レジャー"
699,"インターネット設備が悪い, シャワーの水圧が低い","女性","レジャー"
700,"悪いサービス","女性","レジャー"
701,"悪い経験","女性","レジャー"
702,"チェックインは非常に役に立ちました ","女性","レジャー"
703,"チェックインは迅速かつフレンドリーでした。  ","女性","レジャー"
704,"チェックインは早かったです。 サービスはよかったです。","女性","レジャー"
705,"快適な客室, 美しい敷地","女性","レジャー"
706,"快適な客室, 素晴らしいサービス, 便利な立地です。","女性","レジャー"
707,"快適な客室, フレンドリーなスタッフ","女性","レジャー"
708,"快適な客室, 素晴らしい店やレストラン","女性","ビジネス"
709,"快適な客室, スタイリッシュ, 無料のワイヤレス。","女性","レジャー"
710,"雰囲気とスタッフが気に入りました","男性","レジャー"
711,"バスルームが気に入りました","女性","レジャー"
712,"バスルームが気に入りました!","男性","レジャー"
713,"ビーチチェアが気に入りました","女性","レジャー"
714,"ビーチが気に入りました。 部屋は清潔でした。 良いエクササイズルーム","男性","レジャー"
715,"ベッドが気に入りました","女性","レジャー"
716,"ベッドと枕が気に入りました。","男性","レジャー"
717,"ベッドとシャワー、そしてホテルと部屋の全体的なデザインが気に入りました。 ここに泊まるととても優雅な気分になりました！","女性","ビジネス"
718,"ベッドとシャワーがとても気に入りました。水圧も最高でした!!","男性","レジャー"
719,"ベッドが気に入りました！","女性","レジャー"
720,"ベッドが気に入りました!!!! ","男性","レジャー"
721,"ベッドが気に入りました, とても快適です！","女性","レジャー"
722,"ベッドが気に入りました。","男性","レジャー"
723,"ベッドが気に入りました。 部屋は広くて清潔でしたが、明るさが足りませんでした。","女性","レジャー"
724,"寝具が気に入りました","男性","レジャー"
725,"寝具が気に入りました, とても快適です。 部屋は清潔で静かだった","女性","ビジネス"
726,"ベッドと寝具が気に入りました","男性","ビジネス"
727,"ベッドが気に入りました！","女性","ビジネス"
728,"ベッドが気に入りました！","男性","ビジネス"
729,"スタッフはとてもフレンドリーで親切です","女性","ビジネス"
730,"スタッフはとてもフレンドリーです","男性","ビジネス"
731,"スタッフはとてもフレンドリーで親切です。","女性","ビジネス"
732,"スタッフはとてもフレンドリーで、朝食も種類が豊富でとても美味しかったです。","男性","レジャー"
733,"スタッフはとてもフレンドリーで親切です","女性","レジャー"
734,"スタッフはとてもフレンドリーです, 親切でプロフェッショナル","女性","レジャー"
735,"スタッフはとてもフレンドリーです。","女性","レジャー"
736,"スタッフはとても親切でフレンドリーです。  ","女性","レジャー"
737,"スタッフはとても親切で、場所もとても良いです","女性","レジャー"
738,"スタッフはとても知識が豊富で親切です!","女性","レジャー"
739,"スタッフはとても親切で、対応もよかったです。","女性","レジャー"
740,"スタッフの皆さんは素晴らしかったです！","女性","レジャー"
741,"あなたのスタッフは素晴らしかったです。 あらゆる面が素晴らしかったです。 ハウスキーピング, フロントデスク, バースタッフ, メンテナンス, そしてクラブスタッフ!!! 素晴らしい仕事だ。","女性","レジャー"
742,"スタッフは素晴らしかったです。 フレンドリー, 役立つ。","男性","レジャー"
743,"お客様に対するおもてなしが素晴らしいです。","男性","レジャー"
744,"アップグレードはとてもよかったです","男性","ビジネス"
745,"あなたの係員は最高でした","女性","レジャー"
746,"ロビーでの無線LANアクセスは非常に, とても貧しい。 ","女性","レジャー"
747,"あなたの素晴らしい, 親切なスタッフ。","女性","レジャー"
748,"滑りやすい床。 89歳の母が転んで足を骨折しました。 ","女性","レジャー"
749,"おいしい朝食, 柔らかくて快適なベッド , とてもフレンドリーなスタッフ , ルームサービスはいつも迅速","女性","レジャー"
750,"部屋は小さかった。","女性","レジャー"
751,"メンバーステータスの承認はゼロです。 ","女性","ビジネス"
752,"チェックインはひどかった。 彼らは私たちの予約を紛失してしまいました。","男性","レジャー"
753,"私はインターネットで2部屋を予約しました。1部屋は私と夫用、もう1部屋は3人の子供用でしたが、私たちの予約が紛失してしまいました。","男性","レジャー"
754,"二度と戻ってこない。","男性","ビジネス"
755,"このホテルは避けてください。 うるさいです, 汚い, 値段が高く、スタッフは非常に傲慢です","男性","レジャー"
756,"素晴らしいホテル, おいしい朝食, 柔らかくて快適なベッド , とてもフレンドリーなスタッフ , ルームサービスはいつも迅速","女性","レジャー"
757,"浴室の悪臭","女性","レジャー"
758,"臭いバスルーム","女性","レジャー"
759,"あなたのホテルを誰にも勧められません。","女性","レジャー"
760,"このホテルに前回泊まったときはがっかりしました。 部屋は狭く、朝食は平均以上で高価でした。","男性","レジャー"
761,"清潔な部屋とベッドシーツ","女性","レジャー"
762,"清潔な部屋と素晴らしいフィットネス施設","女性","ビジネス"
763,"清潔な部屋、便利なチェックイン","女性","レジャー"
764,"クリーンルームは早く準備できました。 フレンドリーなスタッフ。 素晴らしいロケーション","女性","レジャー"
765,"快適なベッドを備えた清潔な部屋。 スタッフはとてもフレンドリーでした。 素敵な無料の朝食/ハッピーアワー。","女性","レジャー"
766,"非常に良いアメニティを備えた清潔な部屋","女性","レジャー"
767,"部屋は清潔で、スタッフもとても丁寧でした。","女性","レジャー"
768,"部屋は清潔でベッドも快適でした!!!","女性","レジャー"
769,"部屋は清潔、スタッフも親切","女性","ビジネス"
770,"清潔な部屋, 快適なベッド, 素晴らしいサービス, 素敵な従業員。","女性","ビジネス"
771,"清潔な部屋, フレンドリーで親切なスタッフ。","女性","レジャー"
772,"ロビーではコーヒーが飲めません","男性","レジャー"
773,"コーヒーバーにスタッフがいない","男性","ビジネス"
774,"部屋には防音設備がありません","男性","レジャー"
775,"防音が悪い","男性","レジャー"
776,"防音対策なし","男性","レジャー"
777,"ホテルの装飾と雰囲気は豪華です","女性","ビジネス"
778,"チェックイン時に部屋が全く徹底的に掃除されていませんでした。 バスルームに髪の毛が落ちている。 ","女性","レジャー"
779,"使い古された家具。 とても寝心地の悪いベッド。 とてもうるさい","男性","ビジネス"
780,"立地は良い - 部屋は清潔 - スタッフは親切","女性","レジャー"
781,"シャワーはカビだらけだった","男性","レジャー"
782,"空港までのシャトルサービスは素晴らしかったです。","女性","ビジネス"
783,"シャトルサービスは素晴らしかった","男性","レジャー"
784,"全体的にとても満足しました","女性","ビジネス"
785,"とても丁寧なスタッフとホテルのハッピーアワーメニュー。","男性","レジャー"
786,"とても美しいリゾートです。 よく対応していただきました。","女性","ビジネス"
787,"とても美しい環境です。 よく訓練されたスタッフ。","男性","レジャー"
788,"とても美しい, 素晴らしいアメニティ。","女性","ビジネス"
789,"非常に迅速なチェックイン, 素早いルームサービス。","男性","レジャー"
790,"周囲が清潔ではない","女性","ビジネス"
791,"客室内のWi-Fiは正常に機能しません","男性","レジャー"
792,"レストランとミニバーは非常に高価です","女性","ビジネス"
793,"客室内のWi-Fiが正常に機能しない","男性","レジャー"
794,"客室内のWi-Fiがいつも正常に機能するとは限りません","女性","ビジネス"
795,"ロビーのWi-Fiが機能しない","男性","レジャー"
796,"ロビーのWi-Fiが常に正常に機能するとは限りません","女性","ビジネス"
797,"非常に効率的でフレンドリーなサービス","男性","レジャー"
798,"非常に効率的で良いサービス","女性","ビジネス"
799,"エアコンに問題があった","男性","レジャー"
800,"このホテルは過大評価されていると思う。 バスルームのタオルハンガーが落ちていました。 客室内ではWi-Fiは無料ではありません。","女性","ビジネス"
801,"ベッドは柔らかすぎました。 タオルは十分に柔らかくありませんでした。 ","男性","レジャー"
802,"フロントデスクはゲストのニーズにもっと気を配ってほしかったと思います。","女性","ビジネス"
803,"ホテルに宿泊する場合、ガレージの駐車料金はかからないと思います。","男性","レジャー"
804,"壁が薄かった","女性","ビジネス"
805,"清潔さと部屋の設備の古さにがっかりしました。 ライトが機能しません。","男性","レジャー"
806,"部屋は少し古くなって、以前訪れたときほど良くありませんでした。","女性","ビジネス"
807,"ルームサービスはご利用いただけません。 廊下の騒音。 非常に高価な朝食。","男性","レジャー"
808,"部屋は良かった, ハウスキーピング, コンシェルジュ, ベルマンの対応も本当に素晴らしかったです。 ","女性","ビジネス"
809,"部屋は期待したほど清潔ではありませんでした。","男性","レジャー"
810,"部屋は期待していたほど清潔ではなかった","女性","ビジネス"
811,"コーヒーは客室までお届けします。客室清掃は1日2回です。","男性","レジャー"
812,"チェックイン前に部屋が掃除されていなかったことにかなり驚きました。","女性","ビジネス"
813,"チェックイン前に部屋が掃除されていない","男性","レジャー"
814,"このホテルは立地と雰囲気が気に入っています","女性","ビジネス"
815,"このホテルやレストランに気に入らないところはありませんでした","男性","レジャー"
816,"こんなにひどいサービスを受けたのは初めてだ","女性","ビジネス"
817,"インナープールはジャグジーやスパほど清潔ではありません","男性","レジャー"
818,"他のレストランよりもメニューの選択肢が豊富で、価格も安いです。","女性","ビジネス"
819,"寝室にテレビやインターネット接続がありません","男性","レジャー"
820,"寝室にテレビやインターネット接続がない","女性","ビジネス"
